{
  "woodscape": {
    "n_samples": 3200,
    "s_mean": 0.4081404980506839,
    "s_std": 0.23994788735232903,
    "s_min": 0.0010137669768451,
    "s_max": 0.960606060606024
  },
  "sd_8960": {
    "n_samples": 8960,
    "s_mean": 0.46576040983200073,
    "s_std": 0.2628321945667267,
    "s_min": 0.000303708016872406,
    "s_max": 1.0
  },
  "sd_1260": {
    "n_samples": 1260,
    "s_mean": 0.2866079807281494,
    "s_std": 0.08602315187454224,
    "s_min": 0.064047671854496,
    "s_max": 0.5429090261459351
  },
  "ks_test_ws_sd8960": {
    "statistic": 0.11138392857142858,
    "p_value": 6.364014749763559e-26,
    "significant": true
  },
  "bins": [
    0.0,
    0.1,
    0.2,
    0.30000000000000004,
    0.4,
    0.5,
    0.6000000000000001,
    0.7000000000000001,
    0.8,
    0.9,
    1.0
  ],
  "woodscape_hist": [
    299,
    534,
    363,
    466,
    424,
    290,
    339,
    293,
    152,
    40
  ],
  "sd_8960_hist": [
    717,
    1175,
    899,
    1216,
    971,
    1077,
    782,
    904,
    706,
    513
  ],
  "sd_1260_hist": [
    14,
    279,
    309,
    577,
    80,
    1,
    0,
    0,
    0,
    0
  ]
}