{
  "bins": [
    0.0,
    0.1,
    0.2,
    0.30000000000000004,
    0.4,
    0.5,
    0.6000000000000001,
    0.7000000000000001,
    0.8,
    0.9,
    1.0
  ],
  "ws_hist": [
    299,
    534,
    363,
    466,
    424,
    290,
    339,
    293,
    152,
    40
  ],
  "sd_hist": [
    86,
    126,
    95,
    123,
    107,
    122,
    90,
    116,
    75,
    60
  ],
  "ws_mean": 0.4081404980506839,
  "sd_mean": 0.4716406762599945,
  "ws_std": 0.23994788735232903,
  "sd_std": 0.26560455560684204,
  "ks_stat": 0.128625,
  "ks_pval": 1.917834804474868e-11
}