{
  "model1_name": "Baseline",
  "model2_name": "SD989",
  "n_samples": 50458,
  "n_bootstrap": 1000,
  "confidence_level": 0.95,
  "model1_rho_point": 0.7176870107650757,
  "model2_rho_point": 0.7097236514091492,
  "delta_rho_point": -0.007963359355926514,
  "model1_ci_lower": 0.715280967950821,
  "model1_ci_upper": 0.7247152492403984,
  "model2_ci_lower": 0.7057883903384209,
  "model2_ci_upper": 0.7150402277708053,
  "delta_ci_lower": -0.011866134405136107,
  "delta_ci_upper": -0.0075601711869239824,
  "delta_se": 0.0011195221651915488,
  "is_significant": true,
  "conclusion": "SD989 \u663e\u8457\u5dee\u4e8e Baseline"
}