{
  "model1_name": "Baseline",
  "model2_name": "A+-only",
  "n_samples": 50458,
  "n_bootstrap": 1000,
  "confidence_level": 0.95,
  "model1_rho_point": 0.7176870107650757,
  "model2_rho_point": 0.6465461254119873,
  "delta_rho_point": -0.07114088535308838,
  "model1_ci_lower": 0.715280967950821,
  "model1_ci_upper": 0.7247152492403984,
  "model2_ci_lower": 0.6416165009140968,
  "model2_ci_upper": 0.6526210263371468,
  "delta_ci_lower": -0.07938971072435379,
  "delta_ci_upper": -0.06636093109846115,
  "delta_se": 0.003381756051228066,
  "is_significant": true,
  "conclusion": "A+-only \u663e\u8457\u5dee\u4e8e Baseline"
}