{
  "mixed_ws4000_sd8960_a_plus_only_hardened": {
    "test_real": {
      "tile_mae": 0.08753506904840469,
      "glob_mae": 0.0810126573741436,
      "rho_shat_gt": 0.9694805145263672,
      "rho_shat_sagg": 0.9770097732543945,
      "S_hat_mean": 0.4171414077281952,
      "S_hat_std": 0.24599067866802216
    },
    "test_ext": {
      "spearman_rho": 0.6484723687171936,
      "monotonic": true,
      "level_means": {
        "5": 0.7371311187744141,
        "4": 0.6644061803817749,
        "3": 0.5490092635154724,
        "2": 0.5002137422561646,
        "1": 0.40249475836753845
      },
      "S_hat_mean": 0.5456018447875977,
      "S_hat_std": 0.15768612921237946
    }
  },
  "mixed_ws4000_sd8960_tile_only": {
    "test_real": {
      "tile_mae": 0.09230571937561036,
      "glob_mae": 0.09588228225708008,
      "rho_shat_gt": 0.9649367332458496,
      "rho_shat_sagg": 0.971019983291626,
      "S_hat_mean": 0.4005777835845947,
      "S_hat_std": 0.2417731136083603
    },
    "test_ext": {
      "spearman_rho": 0.676982581615448,
      "monotonic": true,
      "level_means": {
        "5": 0.6731511354446411,
        "4": 0.5267125964164734,
        "3": 0.421623170375824,
        "2": 0.3649034798145294,
        "1": 0.291237473487854
      },
      "S_hat_mean": 0.4207458198070526,
      "S_hat_std": 0.14948683977127075
    }
  }
}